,CSF,GM,WM,modalities,subject,model,init,time
0,0.788815746213588,0.7763035179128791,0.862268533154609,T1,0,EM,kmeans,8.631824731826782
1,0.9099334764915231,0.8269023809939327,0.8604740724439572,T1+T2,0,EM,kmeans,14.33353042602539
2,0.7375986352665782,0.7563884565873153,0.8583731854024528,T1,0,EM,random,15.917636394500732
3,0.9098156601860794,0.8269145381038069,0.8621834576328319,T1+T2,0,EM,random,15.917636394500732
4,0.8640533310051947,0.7883424150213478,0.8030547057418296,T1,1,EM,kmeans,6.25081467628479
5,0.8044643997106014,0.7455044193843341,0.8026351973408898,T1+T2,1,EM,kmeans,14.244843244552612
6,0.8637266975519805,0.8027096538569005,0.7875474325643868,T1,1,EM,random,15.22658395767212
7,0.8044247269787062,0.7447424804394519,0.8027541353772029,T1+T2,1,EM,random,15.22658395767212
